-- phpMyAdmin SQL Dump
-- version 5.0.3
-- https://www.phpmyadmin.net/
--
-- Host: localhost:3306
-- Generation Time: Dec 08, 2020 at 12:32 AM
-- Server version: 10.1.47-MariaDB-0+deb9u1
-- PHP Version: 7.3.22

SET SQL_MODE = "NO_AUTO_VALUE_ON_ZERO";
START TRANSACTION;
SET time_zone = "+00:00";


/*!40101 SET @OLD_CHARACTER_SET_CLIENT=@@CHARACTER_SET_CLIENT */;
/*!40101 SET @OLD_CHARACTER_SET_RESULTS=@@CHARACTER_SET_RESULTS */;
/*!40101 SET @OLD_COLLATION_CONNECTION=@@COLLATION_CONNECTION */;
/*!40101 SET NAMES utf8mb4 */;

--
-- Database: `distributed_project_backup`
--

-- --------------------------------------------------------

--
-- Table structure for table `device`
--

CREATE TABLE `device` (
  `id` int(11) NOT NULL,
  `serial_no` varchar(255) NOT NULL,
  `name` varchar(255) NOT NULL,
  `timestamp` varchar(255) NOT NULL
) ENGINE=InnoDB DEFAULT CHARSET=utf8;

--
-- Dumping data for table `device`
--

INSERT INTO `device` (`id`, `serial_no`, `name`, `timestamp`) VALUES
(1, 'MKJI29380', 'Toyota Tracker', '2020-12-02 20:35:20.101'),
(2, 'MKJI76890', 'BMW', '2020-12-02 20:36:22.25'),
(3, 'MKJI23679', 'Dodge', '2020-12-02 20:38:52.132'),
(4, 'MKJI82938', 'Toyota', '2020-12-02 20:40:30.186'),
(5, 'MKJI17283', 'My Car', '2020-12-02 20:41:23.114'),
(6, 'MKJI98777', 'Second', '2020-12-02 20:52:25.156'),
(7, 'MKJI32878', 'Second Car', '2020-12-02 20:55:08.201'),
(8, 'MKJI96514', 'Honda Tracker', '2020-12-02 20:57:23.156'),
(9, 'MKJI26548', 'BMW Tracker', '2020-12-02 20:59:33.175');

-- --------------------------------------------------------

--
-- Table structure for table `gps_log`
--

CREATE TABLE `gps_log` (
  `id` int(11) NOT NULL,
  `device_id` int(11) NOT NULL,
  `latitude` varchar(255) NOT NULL,
  `longitude` varchar(255) NOT NULL,
  `speed` varchar(255) NOT NULL,
  `time_stamp` varchar(255) NOT NULL
) ENGINE=InnoDB DEFAULT CHARSET=utf8;

--
-- Dumping data for table `gps_log`
--

INSERT INTO `gps_log` (`id`, `device_id`, `latitude`, `longitude`, `speed`, `time_stamp`) VALUES
(1, 8, '43.781777', '-79.771273', '0.06', '2020-12-05 14:18:23.111'),
(2, 8, '43.781777', '-79.771273', '0.16', '2020-12-05 14:18:24.153'),
(3, 8, '43.781777', '-79.771273', '0.12', '2020-12-05 14:18:25.205'),
(4, 8, '43.781778', '-79.771273', '0.06', '2020-12-05 14:18:26.094'),
(5, 8, '43.781778', '-79.771273', '0.12', '2020-12-05 14:18:27.134'),
(6, 8, '43.781777', '-79.771273', '0.12', '2020-12-05 14:18:28.094'),
(7, 8, '43.781776', '-79.771274', '0.05', '2020-12-05 14:18:29.112'),
(8, 8, '43.781774', '-79.771274', '0.12', '2020-12-05 14:18:30.125'),
(9, 8, '43.781773', '-79.771273', '0.12', '2020-12-05 14:18:31.149'),
(10, 8, '43.781771', '-79.771274', '0.17', '2020-12-05 14:18:32.159'),
(11, 8, '43.781763', '-79.771263', '5.27', '2020-12-05 14:18:33.134'),
(12, 8, '43.78174', '-79.771227', '14.66', '2020-12-05 14:18:34.112'),
(13, 8, '43.781703', '-79.771163', '23.11', '2020-12-05 14:18:35.134'),
(14, 8, '43.78165', '-79.771069', '32.53', '2020-12-05 14:18:36.112'),
(15, 8, '43.781579', '-79.770953', '40.07', '2020-12-05 14:18:37.143'),
(16, 8, '43.781489', '-79.770819', '47.88', '2020-12-05 14:18:38.134'),
(17, 8, '43.781379', '-79.770666', '56.05', '2020-12-05 14:18:39.135'),
(18, 8, '43.781252', '-79.770492', '64.12', '2020-12-05 14:18:40.142'),
(19, 8, '43.781113', '-79.770303', '68.78', '2020-12-05 14:18:41.214'),
(20, 8, '43.780968', '-79.770108', '70.56', '2020-12-05 14:18:42.182'),
(21, 8, '43.78082', '-79.769908', '72.36', '2020-12-05 14:18:43.102'),
(22, 8, '43.780671', '-79.769706', '72.69', '2020-12-05 14:18:44.094'),
(23, 8, '43.780521', '-79.769503', '72.95', '2020-12-05 14:18:45.113'),
(24, 8, '43.78037', '-79.769297', '73.88', '2020-12-05 14:18:46.136'),
(25, 8, '43.780217', '-79.769088', '75.27', '2020-12-05 14:18:47.113'),
(26, 8, '43.780059', '-79.768876', '76.63', '2020-12-05 14:18:48.151'),
(27, 8, '43.779901', '-79.768664', '76.35', '2020-12-05 14:18:49.222'),
(28, 8, '43.779745', '-79.768454', '75.58', '2020-12-05 14:18:50.196'),
(29, 8, '43.77959', '-79.768243', '75.51', '2020-12-05 14:18:51.107'),
(30, 8, '43.779436', '-79.768034', '74.88', '2020-12-05 14:18:52.106'),
(31, 8, '43.779283', '-79.767826', '74.25', '2020-12-05 14:18:53.099'),
(32, 8, '43.77913', '-79.767619', '74.09', '2020-12-05 14:18:54.094'),
(33, 8, '43.778984', '-79.767424', '68.26', '2020-12-05 14:18:55.132'),
(34, 8, '43.778862', '-79.767257', '56.04', '2020-12-05 14:18:56.15'),
(35, 8, '43.778772', '-79.767132', '40.44', '2020-12-05 14:18:57.094'),
(36, 8, '43.778712', '-79.767049', '25.23', '2020-12-05 14:18:58.142'),
(37, 8, '43.778686', '-79.76701', '9.49', '2020-12-05 14:18:59.134'),
(38, 8, '43.778678', '-79.767002', '0.13', '2020-12-05 14:19:00.218'),
(39, 8, '43.778677', '-79.767001', '0.03', '2020-12-05 14:19:01.174'),
(40, 8, '43.778676', '-79.766997', '1.33', '2020-12-05 14:19:02.104'),
(41, 8, '43.778666', '-79.766983', '6.36', '2020-12-05 14:19:03.101'),
(42, 8, '43.778644', '-79.766951', '13.03', '2020-12-05 14:19:04.122'),
(43, 8, '43.778608', '-79.766902', '19.31', '2020-12-05 14:19:05.114'),
(44, 8, '43.778561', '-79.766837', '24.92', '2020-12-05 14:19:06.118'),
(45, 8, '43.778504', '-79.766758', '29.89', '2020-12-05 14:19:07.16'),
(46, 8, '43.778437', '-79.766665', '34.37', '2020-12-05 14:19:08.11'),
(47, 8, '43.778361', '-79.76656', '38.93', '2020-12-05 14:19:09.15'),
(48, 8, '43.778275', '-79.766442', '43.43', '2020-12-05 14:19:10.11'),
(49, 8, '43.778179', '-79.766311', '48.13', '2020-12-05 14:19:11.1'),
(50, 8, '43.778073', '-79.766167', '52.61', '2020-12-05 14:19:12.155'),
(51, 8, '43.777961', '-79.766016', '55.47', '2020-12-05 14:19:13.381'),
(52, 8, '43.777478', '-79.765362', '59.63', '2020-12-05 14:19:17.15'),
(53, 8, '43.777355', '-79.765196', '60.0', '2020-12-05 14:19:18.26'),
(54, 8, '43.776869', '-79.764538', '58.17', '2020-12-05 14:19:22.16'),
(55, 8, '43.77675', '-79.764376', '57.81', '2020-12-05 14:19:23.1'),
(56, 8, '43.776632', '-79.764216', '57.67', '2020-12-05 14:19:24.095'),
(57, 8, '43.776514', '-79.764056', '57.47', '2020-12-05 14:19:25.1'),
(58, 8, '43.776395', '-79.763895', '57.79', '2020-12-05 14:19:26.12'),
(59, 8, '43.776276', '-79.763734', '58.1', '2020-12-05 14:19:27.095'),
(60, 8, '43.776157', '-79.763571', '58.31', '2020-12-05 14:19:28.091'),
(61, 8, '43.776038', '-79.76341', '58.07', '2020-12-05 14:19:29.12'),
(62, 8, '43.775919', '-79.763248', '57.99', '2020-12-05 14:19:30.105'),
(63, 8, '43.775801', '-79.763086', '57.83', '2020-12-05 14:19:31.23'),
(64, 8, '43.775683', '-79.762926', '57.73', '2020-12-05 14:19:32.19'),
(65, 8, '43.775564', '-79.762766', '57.58', '2020-12-05 14:19:33.15'),
(66, 8, '43.775448', '-79.76261', '56.73', '2020-12-05 14:19:34.11'),
(67, 8, '43.775333', '-79.762457', '55.08', '2020-12-05 14:19:35.14'),
(68, 8, '43.775225', '-79.762311', '51.93', '2020-12-05 14:19:36.15'),
(69, 8, '43.775124', '-79.762173', '48.63', '2020-12-05 14:19:37.11'),
(70, 8, '43.77503', '-79.762045', '44.8', '2020-12-05 14:19:38.151'),
(71, 8, '43.774944', '-79.761928', '40.83', '2020-12-05 14:19:39.102'),
(72, 8, '43.774866', '-79.761821', '37.58', '2020-12-05 14:19:40.19'),
(73, 8, '43.774792', '-79.761721', '35.17', '2020-12-05 14:19:41.158'),
(74, 8, '43.774724', '-79.761627', '32.84', '2020-12-05 14:19:42.105'),
(75, 8, '43.774661', '-79.761541', '30.09', '2020-12-05 14:19:43.122'),
(76, 8, '43.774603', '-79.761464', '27.33', '2020-12-05 14:19:44.1'),
(77, 8, '43.774552', '-79.761396', '23.69', '2020-12-05 14:19:45.12'),
(78, 8, '43.77451', '-79.76134', '19.17', '2020-12-05 14:19:46.14'),
(79, 8, '43.77448', '-79.7613', '12.93', '2020-12-05 14:19:47.102'),
(80, 8, '43.774464', '-79.761279', '5.33', '2020-12-05 14:19:48.15'),
(81, 8, '43.774461', '-79.761275', '0.15', '2020-12-05 14:19:49.151'),
(82, 8, '43.77446', '-79.761275', '0.04', '2020-12-05 14:19:50.12'),
(83, 8, '43.77446', '-79.761275', '0.03', '2020-12-05 14:19:51.1'),
(84, 8, '43.77446', '-79.761274', '0.01', '2020-12-05 14:19:52.15'),
(85, 8, '43.77446', '-79.761274', '0.02', '2020-12-05 14:19:53.13'),
(86, 8, '43.77446', '-79.761274', '0.13', '2020-12-05 14:19:54.11'),
(87, 8, '43.77446', '-79.761273', '0.03', '2020-12-05 14:19:55.12'),
(88, 8, '43.77446', '-79.761273', '0.04', '2020-12-05 14:19:56.19'),
(89, 8, '43.77446', '-79.761273', '0.05', '2020-12-05 14:19:57.133'),
(90, 8, '43.77446', '-79.761273', '0.06', '2020-12-05 14:19:58.12'),
(91, 8, '43.77446', '-79.761273', '0.06', '2020-12-05 14:19:59.16'),
(92, 8, '43.77446', '-79.761273', '0.09', '2020-12-05 14:20:00.15'),
(93, 8, '43.77446', '-79.761274', '0.02', '2020-12-05 14:20:01.11'),
(94, 8, '43.774459', '-79.761274', '0.1', '2020-12-05 14:20:02.151'),
(95, 8, '43.774459', '-79.761274', '0.02', '2020-12-05 14:20:03.143'),
(96, 8, '43.77446', '-79.761275', '0.08', '2020-12-05 14:20:04.19'),
(97, 8, '43.77446', '-79.761275', '0.06', '2020-12-05 14:20:05.113'),
(98, 8, '43.77446', '-79.761276', '0.17', '2020-12-05 14:20:06.111'),
(99, 8, '43.77446', '-79.761277', '0.05', '2020-12-05 14:20:07.15'),
(100, 8, '43.77446', '-79.761278', '0.1', '2020-12-05 14:20:08.14'),
(101, 8, '43.774461', '-79.761279', '0.08', '2020-12-05 14:20:09.154'),
(102, 8, '43.77446', '-79.76128', '0.06', '2020-12-05 14:20:10.151'),
(103, 8, '43.77446', '-79.761281', '0.12', '2020-12-05 14:20:11.23'),
(104, 8, '43.77446', '-79.761282', '0.03', '2020-12-05 14:20:12.19'),
(105, 8, '43.77446', '-79.761282', '0.03', '2020-12-05 14:20:13.1'),
(106, 8, '43.77446', '-79.761282', '0.05', '2020-12-05 14:20:14.105'),
(107, 8, '43.77446', '-79.761283', '0.05', '2020-12-05 14:20:15.091'),
(108, 8, '43.774459', '-79.761283', '0.0', '2020-12-05 14:20:16.14'),
(109, 8, '43.774459', '-79.761284', '0.09', '2020-12-05 14:20:17.141'),
(110, 8, '43.774459', '-79.761284', '0.09', '2020-12-05 14:20:18.24'),
(111, 8, '43.774459', '-79.761282', '0.07', '2020-12-05 14:20:22.123'),
(112, 8, '43.774459', '-79.761282', '0.08', '2020-12-05 14:20:23.114'),
(113, 8, '43.774458', '-79.761281', '0.05', '2020-12-05 14:20:24.14'),
(114, 8, '43.774458', '-79.761281', '0.06', '2020-12-05 14:20:25.15'),
(115, 8, '43.774458', '-79.761282', '0.05', '2020-12-05 14:20:26.142'),
(116, 8, '43.774458', '-79.761282', '0.04', '2020-12-05 14:20:27.105'),
(117, 8, '43.774457', '-79.761283', '0.06', '2020-12-05 14:20:28.15'),
(118, 8, '43.774457', '-79.761283', '0.13', '2020-12-05 14:20:29.11'),
(119, 8, '43.774454', '-79.76128', '2.12', '2020-12-05 14:20:30.1'),
(120, 8, '43.774441', '-79.761264', '7.5', '2020-12-05 14:20:31.15'),
(121, 8, '43.774417', '-79.761232', '13.17', '2020-12-05 14:20:32.151'),
(122, 8, '43.77438', '-79.761184', '19.32', '2020-12-05 14:20:33.111'),
(123, 8, '43.774332', '-79.761121', '24.77', '2020-12-05 14:20:34.151'),
(124, 8, '43.774273', '-79.761043', '29.72', '2020-12-05 14:20:35.231'),
(125, 8, '43.774206', '-79.760953', '33.71', '2020-12-05 14:20:36.19'),
(126, 8, '43.774132', '-79.760852', '37.41', '2020-12-05 14:20:37.15'),
(127, 8, '43.774051', '-79.760742', '40.35', '2020-12-05 14:20:38.114'),
(128, 8, '43.773965', '-79.760624', '42.91', '2020-12-05 14:20:39.149'),
(129, 8, '43.773874', '-79.760499', '45.71', '2020-12-05 14:20:40.15'),
(130, 8, '43.773777', '-79.760365', '48.33', '2020-12-05 14:20:41.157'),
(131, 8, '43.773676', '-79.760225', '50.53', '2020-12-05 14:20:42.15'),
(132, 8, '43.773571', '-79.760079', '52.23', '2020-12-05 14:20:43.11'),
(133, 8, '43.773465', '-79.759927', '53.71', '2020-12-05 14:20:44.492'),
(134, 8, '43.773024', '-79.759309', '54.51', '2020-12-05 14:20:48.112'),
(135, 8, '43.772913', '-79.759157', '54.48', '2020-12-05 14:20:49.15'),
(136, 8, '43.772802', '-79.759005', '54.55', '2020-12-05 14:20:50.15'),
(137, 8, '43.77269', '-79.758853', '54.61', '2020-12-05 14:20:51.1'),
(138, 8, '43.772579', '-79.758703', '53.83', '2020-12-05 14:20:52.099'),
(139, 8, '43.77247', '-79.758555', '52.94', '2020-12-05 14:20:53.11'),
(140, 8, '43.772362', '-79.758409', '52.61', '2020-12-05 14:20:54.12'),
(141, 8, '43.772254', '-79.758264', '52.24', '2020-12-05 14:20:55.14'),
(142, 8, '43.772147', '-79.75812', '52.05', '2020-12-05 14:20:56.099'),
(143, 8, '43.77204', '-79.757977', '51.95', '2020-12-05 14:20:57.1'),
(144, 8, '43.771932', '-79.757835', '51.75', '2020-12-05 14:20:58.15'),
(145, 8, '43.771824', '-79.757694', '51.7', '2020-12-05 14:20:59.229'),
(146, 8, '43.771715', '-79.757557', '50.99', '2020-12-05 14:21:00.114'),
(147, 8, '43.771605', '-79.757427', '50.24', '2020-12-05 14:21:01.15'),
(148, 8, '43.771496', '-79.757303', '48.15', '2020-12-05 14:21:02.12'),
(149, 8, '43.771397', '-79.757186', '44.34', '2020-12-05 14:21:03.15'),
(150, 8, '43.771309', '-79.757079', '39.18', '2020-12-05 14:21:04.15'),
(151, 8, '43.771234', '-79.756981', '34.66', '2020-12-05 14:21:05.12'),
(152, 8, '43.771167', '-79.756893', '31.59', '2020-12-05 14:21:06.14'),
(153, 8, '43.771108', '-79.756814', '26.89', '2020-12-05 14:21:07.23'),
(154, 8, '43.771059', '-79.756752', '21.45', '2020-12-05 14:21:08.15'),
(155, 8, '43.771011', '-79.756711', '19.06', '2020-12-05 14:21:09.149'),
(156, 8, '43.770958', '-79.756692', '19.71', '2020-12-05 14:21:10.12'),
(157, 8, '43.770904', '-79.756713', '19.72', '2020-12-05 14:21:11.15'),
(158, 8, '43.770852', '-79.756762', '21.73', '2020-12-05 14:21:12.15'),
(159, 8, '43.770801', '-79.75683', '24.84', '2020-12-05 14:21:13.1'),
(160, 8, '43.770746', '-79.756905', '27.08', '2020-12-05 14:21:14.1'),
(161, 8, '43.770687', '-79.756986', '29.59', '2020-12-05 14:21:15.109'),
(162, 8, '43.770625', '-79.757073', '31.19', '2020-12-05 14:21:16.14'),
(163, 8, '43.770557', '-79.757165', '33.22', '2020-12-05 14:21:17.155'),
(164, 8, '43.770488', '-79.75726', '33.82', '2020-12-05 14:21:18.24'),
(165, 8, '43.770181', '-79.757621', '35.1', '2020-12-05 14:21:22.236'),
(166, 8, '43.770097', '-79.757695', '34.43', '2020-12-05 14:21:23.156'),
(167, 8, '43.77001', '-79.75776', '33.68', '2020-12-05 14:21:24.156'),
(168, 8, '43.769922', '-79.757812', '33.13', '2020-12-05 14:21:25.116'),
(169, 8, '43.769832', '-79.757856', '33.36', '2020-12-05 14:21:26.096'),
(170, 8, '43.769741', '-79.757894', '33.18', '2020-12-05 14:21:27.105'),
(171, 8, '43.769648', '-79.757929', '32.96', '2020-12-05 14:21:28.116'),
(172, 8, '43.769555', '-79.757962', '33.23', '2020-12-05 14:21:29.116'),
(173, 8, '43.769462', '-79.757993', '33.02', '2020-12-05 14:21:30.145'),
(174, 8, '43.769368', '-79.758025', '33.23', '2020-12-05 14:21:31.125'),
(175, 8, '43.769273', '-79.758057', '33.82', '2020-12-05 14:21:32.156'),
(176, 8, '43.769175', '-79.75809', '35.0', '2020-12-05 14:21:33.116'),
(177, 8, '43.769075', '-79.758122', '35.82', '2020-12-05 14:21:34.146'),
(178, 8, '43.768972', '-79.758155', '36.57', '2020-12-05 14:21:35.145'),
(179, 8, '43.768868', '-79.758188', '36.77', '2020-12-05 14:21:36.135'),
(180, 8, '43.768766', '-79.758223', '36.4', '2020-12-05 14:21:37.106'),
(181, 8, '43.768664', '-79.758261', '36.32', '2020-12-05 14:21:38.145'),
(182, 8, '43.768565', '-79.758302', '35.78', '2020-12-05 14:21:39.195'),
(183, 8, '43.768468', '-79.75835', '35.69', '2020-12-05 14:21:40.156'),
(184, 8, '43.768374', '-79.758404', '35.44', '2020-12-05 14:21:41.116'),
(185, 8, '43.768283', '-79.758467', '35.02', '2020-12-05 14:21:42.146'),
(186, 8, '43.768198', '-79.758539', '34.89', '2020-12-05 14:21:43.146'),
(187, 8, '43.768117', '-79.758617', '35.02', '2020-12-05 14:21:44.116'),
(188, 8, '43.768039', '-79.758704', '34.99', '2020-12-05 14:21:45.118'),
(189, 8, '43.767964', '-79.758795', '34.9', '2020-12-05 14:21:46.116'),
(190, 8, '43.767892', '-79.758889', '34.73', '2020-12-05 14:21:47.178'),
(191, 8, '43.767826', '-79.758978', '31.33', '2020-12-05 14:21:48.162'),
(192, 8, '43.767769', '-79.759053', '26.08', '2020-12-05 14:21:49.116'),
(193, 8, '43.767725', '-79.759113', '21.16', '2020-12-05 14:21:50.146'),
(194, 8, '43.767695', '-79.759154', '13.92', '2020-12-05 14:21:51.095');

-- --------------------------------------------------------

--
-- Table structure for table `ownership`
--

CREATE TABLE `ownership` (
  `id` int(11) NOT NULL,
  `device_id` int(11) NOT NULL,
  `user_id` int(11) NOT NULL,
  `owner_type` int(11) NOT NULL,
  `timestamp` varchar(255) NOT NULL
) ENGINE=InnoDB DEFAULT CHARSET=utf8;

--
-- Dumping data for table `ownership`
--

INSERT INTO `ownership` (`id`, `device_id`, `user_id`, `owner_type`, `timestamp`) VALUES
(1, 1, 1, 1, '2020-12-02 21:02:32.145'),
(2, 2, 2, 1, '2020-12-02 21:03:12.231'),
(3, 3, 3, 1, '2020-12-02 21:04:21.152'),
(4, 4, 4, 1, '2020-12-02 21:06:29.114'),
(5, 5, 5, 1, '2020-12-02 21:09:48.199'),
(6, 8, 6, 1, '2020-12-02 21:10:11.131'),
(7, 9, 6, 1, '2020-12-02 21:15:55.139'),
(8, 8, 1, 0, '2020-12-06 01:15:31.615');

-- --------------------------------------------------------

--
-- Table structure for table `user`
--

CREATE TABLE `user` (
  `id` int(11) NOT NULL,
  `username` varchar(255) NOT NULL,
  `name` varchar(255) NOT NULL,
  `password` varchar(255) NOT NULL,
  `email` varchar(255) NOT NULL,
  `timestamp` varchar(255) NOT NULL
) ENGINE=InnoDB DEFAULT CHARSET=utf8;

--
-- Dumping data for table `user`
--

INSERT INTO `user` (`id`, `username`, `name`, `password`, `email`, `timestamp`) VALUES
(1, 'allansantosh', 'Allan Santosh', 'qwerty1', 'allan.santosh@ontariotechu.net', '2020-12-02 20:30:48.126'),
(2, 'johnfernando', 'John Fernando', 'qwe', 'john@gmail.com', '2020-12-02 20:30:49.185'),
(3, 'mattjohn', 'Matt John', 'asdfg', 'mattjohn@gmail.com', '2020-12-02 20:30:50.162'),
(4, 'yumeko', 'Yumeko Lita', 'qwe', 'yumeko@gmail.com', '2020-12-02 20:30:51.175'),
(5, 'all.san', 'Alfred', 'Santiago', 'alfredsatiango@gmail.com', '2020-12-02 20:30:52.158'),
(6, 'freddy', 'Freddy Anderson', 'qwe', 'freddyanderson@gmail.com', '2020-12-02 20:30:56.112');

--
-- Indexes for dumped tables
--

--
-- Indexes for table `device`
--
ALTER TABLE `device`
  ADD PRIMARY KEY (`id`);

--
-- Indexes for table `gps_log`
--
ALTER TABLE `gps_log`
  ADD PRIMARY KEY (`id`);

--
-- Indexes for table `ownership`
--
ALTER TABLE `ownership`
  ADD PRIMARY KEY (`id`);

--
-- Indexes for table `user`
--
ALTER TABLE `user`
  ADD PRIMARY KEY (`id`);

--
-- AUTO_INCREMENT for dumped tables
--

--
-- AUTO_INCREMENT for table `device`
--
ALTER TABLE `device`
  MODIFY `id` int(11) NOT NULL AUTO_INCREMENT, AUTO_INCREMENT=10;

--
-- AUTO_INCREMENT for table `gps_log`
--
ALTER TABLE `gps_log`
  MODIFY `id` int(11) NOT NULL AUTO_INCREMENT, AUTO_INCREMENT=195;

--
-- AUTO_INCREMENT for table `ownership`
--
ALTER TABLE `ownership`
  MODIFY `id` int(11) NOT NULL AUTO_INCREMENT, AUTO_INCREMENT=22;

--
-- AUTO_INCREMENT for table `user`
--
ALTER TABLE `user`
  MODIFY `id` int(11) NOT NULL AUTO_INCREMENT, AUTO_INCREMENT=7;
COMMIT;

/*!40101 SET CHARACTER_SET_CLIENT=@OLD_CHARACTER_SET_CLIENT */;
/*!40101 SET CHARACTER_SET_RESULTS=@OLD_CHARACTER_SET_RESULTS */;
/*!40101 SET COLLATION_CONNECTION=@OLD_COLLATION_CONNECTION */;
